{"ts": 1762594155.4657598, "pid": 35700, "round": 419, "time_end": 1762594155.465394, "duration_seconds": 0.0001, "records": 8}