{"ts": 1762590844.2144604, "pid": 35700, "round": 88, "time_end": 1762590844.2139862, "duration_seconds": 0.0001, "records": 8}