{
  "activated": true,
  "activated_since": 1759846715.2040386,
  "last_touch": 1759846987.8796797
}