{
  "大安": {
    "2": 0.17457475380483437,
    "8": 0.17367949865711726,
    "9": 0.1727842435094002,
    "24": 0.19874664279319607,
    "29": 0.19158460161145927,
    "33": 0.18173679498657117,
    "3": 0.18442256042972247,
    "4": 0.19427036705461057,
    "15": 0.162041181736795,
    "17": 0.17815577439570277,
    "18": 0.1683079677708147,
    "21": 0.1584601611459266,
    "23": 0.1557743957027753,
    "25": 0.18352730528200537,
    "30": 0.19874664279319607,
    "32": 0.20143240823634737,
    "5": 0.19247985675917637,
    "6": 0.19158460161145927,
    "28": 0.18084153983885407,
    "1": 0.21038495971351837,
    "12": 0.18531781557743957,
    "27": 0.1692032229185318,
    "19": 0.19158460161145927,
    "22": 0.17367949865711726,
    "26": 0.18531781557743957,
    "11": 0.19158460161145927,
    "14": 0.18889883616830797,
    "7": 0.17726051924798567,
    "10": 0.17636526410026857,
    "20": 0.1665174574753805,
    "13": 0.18352730528200537,
    "16": 0.18979409131602507,
    "31": 0.1674127126230976
  },
  "留连": {
    "1": 0.1629364368845121,
    "2": 0.1718889883616831,
    "6": 0.19964189794091317,
    "7": 0.1692032229185318,
    "14": 0.18710832587287377,
    "19": 0.18710832587287377,
    "20": 0.19427036705461057,
    "21": 0.18889883616830797,
    "27": 0.170993733213966,
    "28": 0.1665174574753805,
    "4": 0.18442256042972247,
    "8": 0.18621307072515667,
    "26": 0.20769919427036707,
    "5": 0.19516562220232767,
    "13": 0.17547000895255147,
    "15": 0.1665174574753805,
    "31": 0.17636526410026857,
    "3": 0.1727842435094002,
    "16": 0.18800358102059087,
    "29": 0.17636526410026857,
    "11": 0.17547000895255147,
    "9": 0.18979409131602507,
    "10": 0.17636526410026857,
    "33": 0.17815577439570277,
    "22": 0.19427036705461057,
    "32": 0.1539838854073411,
    "23": 0.19516562220232767,
    "30": 0.17457475380483437,
    "18": 0.19337511190689347,
    "25": 0.18531781557743957,
    "17": 0.18263205013428827,
    "12": 0.18173679498657117,
    "24": 0.19158460161145927
  },
  "速喜": {
    "1": 0.1656222023276634,
    "14": 0.19695613249776187,
    "15": 0.18263205013428827,
    "17": 0.170993733213966,
    "18": 0.1683079677708147,
    "20": 0.18263205013428827,
    "2": 0.22291853178155774,
    "5": 0.18263205013428827,
    "8": 0.18710832587287377,
    "13": 0.20680393912264997,
    "22": 0.17636526410026857,
    "25": 0.19247985675917637,
    "3": 0.19427036705461057,
    "7": 0.19695613249776187,
    "19": 0.19964189794091317,
    "23": 0.19068934646374217,
    "26": 0.18979409131602507,
    "29": 0.1593554162936437,
    "31": 0.170993733213966,
    "32": 0.19516562220232767,
    "33": 0.1593554162936437,
    "9": 0.1692032229185318,
    "16": 0.18263205013428827,
    "28": 0.17367949865711726,
    "4": 0.1593554162936437,
    "21": 0.17457475380483437,
    "24": 0.18173679498657117,
    "27": 0.17905102954341987,
    "11": 0.19695613249776187,
    "10": 0.1700984780662489,
    "12": 0.17815577439570277,
    "6": 0.18531781557743957,
    "30": 0.1575649059982095
  },
  "赤口": {
    "9": 0.18263205013428827,
    "15": 0.20769919427036707,
    "19": 0.18084153983885407,
    "26": 0.18173679498657117,
    "27": 0.19874664279319607,
    "32": 0.18352730528200537,
    "4": 0.18889883616830797,
    "6": 0.17815577439570277,
    "13": 0.17367949865711726,
    "28": 0.18621307072515667,
    "14": 0.18621307072515667,
    "21": 0.20590868397493287,
    "29": 0.1692032229185318,
    "8": 0.17457475380483437,
    "10": 0.1727842435094002,
    "22": 0.17905102954341987,
    "11": 0.18173679498657117,
    "17": 0.1521933751119069,
    "20": 0.18621307072515667,
    "31": 0.19874664279319607,
    "16": 0.17367949865711726,
    "33": 0.18263205013428827,
    "1": 0.20590868397493287,
    "3": 0.19337511190689347,
    "25": 0.19874664279319607,
    "30": 0.17994628469113697,
    "5": 0.18531781557743957,
    "12": 0.19068934646374217,
    "2": 0.1692032229185318,
    "18": 0.1692032229185318,
    "24": 0.1700984780662489,
    "7": 0.144136078782453,
    "23": 0.1683079677708147
  },
  "小吉": {
    "5": 0.19086021505376344,
    "7": 0.19265232974910393,
    "9": 0.16577060931899643,
    "11": 0.17204301075268819,
    "28": 0.1827956989247312,
    "33": 0.18189964157706093,
    "12": 0.1827956989247312,
    "22": 0.17293906810035842,
    "24": 0.19265232974910393,
    "31": 0.1881720430107527,
    "8": 0.1639784946236559,
    "17": 0.16845878136200718,
    "18": 0.18100358422939067,
    "29": 0.1827956989247312,
    "4": 0.1881720430107527,
    "30": 0.17921146953405018,
    "10": 0.17562724014336917,
    "13": 0.19444444444444445,
    "14": 0.1863799283154122,
    "23": 0.18369175627240145,
    "32": 0.18189964157706093,
    "16": 0.19265232974910393,
    "27": 0.1774193548387097,
    "19": 0.1827956989247312,
    "26": 0.17831541218637992,
    "6": 0.18369175627240145,
    "15": 0.1971326164874552,
    "20": 0.17562724014336917,
    "21": 0.17921146953405018,
    "3": 0.1774193548387097,
    "1": 0.17025089605734767,
    "25": 0.1863799283154122,
    "2": 0.19086021505376344
  },
  "空亡": {
    "4": 0.18369175627240145,
    "6": 0.18458781362007168,
    "7": 0.16845878136200718,
    "12": 0.17383512544802868,
    "13": 0.17114695340501793,
    "28": 0.16129032258064516,
    "5": 0.18548387096774194,
    "8": 0.16218637992831542,
    "11": 0.18100358422939067,
    "18": 0.20698924731182797,
    "24": 0.18369175627240145,
    "17": 0.1603942652329749,
    "26": 0.17562724014336917,
    "25": 0.17921146953405018,
    "33": 0.20698924731182797,
    "3": 0.1989247311827957,
    "29": 0.1917562724014337,
    "30": 0.17652329749103943,
    "21": 0.18906810035842295,
    "22": 0.19444444444444445,
    "32": 0.18727598566308243,
    "1": 0.1603942652329749,
    "9": 0.1971326164874552,
    "31": 0.18369175627240145,
    "19": 0.17831541218637992,
    "27": 0.17921146953405018,
    "20": 0.1881720430107527,
    "23": 0.18369175627240145,
    "15": 0.17383512544802868,
    "2": 0.16487455197132617,
    "14": 0.19265232974910393,
    "16": 0.18906810035842295,
    "10": 0.1863799283154122
  }
}