{
  "learning_cycles": 780,
  "perfect_matches": 0,
  "match_history": [
    1,
    1,
    1,
    0,
    0,
    1,
    1,
    1,
    1,
    1,
    1,
    1,
    1,
    1,
    1,
    1,
    1,
    1,
    1,
    1,
    1,
    1,
    1,
    1,
    1,
    1,
    1,
    1,
    1,
    1,
    1,
    1,
    1,
    1,
    1,
    1,
    1,
    1,
    1,
    1,
    0,
    1,
    1,
    1,
    0,
    0,
    1,
    0,
    0,
    0,
    1,
    1,
    0,
    1,
    1,
    1,
    1,
    1,
    1,
    1,
    1,
    1,
    1,
    0,
    0,
    0,
    1,
    1,
    0,
    1,
    0,
    0,
    1,
    0,
    0,
    0,
    0,
    0,
    0,
    0,
    0,
    1,
    1,
    0,
    1,
    0,
    1,
    1,
    1,
    1,
    1,
    1,
    0,
    0,
    0,
    0,
    1,
    1,
    0,
    1
  ],
  "attempt_counts": [
    100000,
    100000,
    100000,
    100000,
    100000,
    100000,
    100000,
    100000,
    100000,
    100000,
    100000,
    100000,
    100000,
    100000,
    100000,
    100000,
    100000,
    100000,
    100000,
    100000,
    100000,
    100000,
    100000,
    100000,
    100000,
    100000,
    100000,
    100000,
    100000,
    100000,
    100000,
    100000,
    100000,
    100000,
    100000,
    100000,
    100000,
    100000,
    100000,
    100000,
    100000,
    100000,
    100000,
    100000,
    100000,
    100000,
    100000,
    100000,
    100000,
    100000,
    100000,
    100000,
    100000,
    100000,
    100000,
    100000,
    100000,
    100000,
    100000,
    100000,
    100000,
    100000,
    100000,
    100000,
    100000,
    100000,
    100000,
    100000,
    100000,
    100000,
    100000,
    100000,
    100000,
    100000,
    100000,
    100000,
    100000,
    100000,
    100000,
    100000,
    100000,
    100000,
    100000,
    100000,
    100000,
    100000,
    100000,
    100000,
    100000,
    100000,
    100000,
    100000,
    100000,
    100000,
    100000,
    100000,
    100000,
    100000,
    100000,
    100000
  ],
  "model_accuracies": {
    "Pattern_Model": 0.0,
    "Neural_Model": 0.0
  },
  "model_weights": {
    "Pattern_Model": 0.4444444444444445,
    "Neural_Model": 0.5555555555555556
  }
}