{
  "fused_reds": [
    6,
    13,
    14,
    19,
    20,
    24
  ],
  "fused_blue": 1,
  "fusion": {
    "weights": {
      "liuyao": 0.192,
      "liuren": 0.2,
      "qimen": 0.205,
      "ai": 1.0,
      "cultural_dl": 1.0,
      "heuristic_fusion": 1.0,
      "random_fallback": 1.0
    },
    "priors": {
      "red": {
        "1": 0.03176065986851452,
        "2": 0.03027104167314619,
        "3": 0.030246463050300154,
        "4": 0.03136088241649178,
        "5": 0.030666429871693116,
        "6": 0.030430930803540944,
        "7": 0.029441877185743377,
        "8": 0.02810993573611479,
        "9": 0.028674049242246043,
        "10": 0.02979030560718513,
        "11": 0.0312249351974883,
        "12": 0.03205175895617441,
        "13": 0.028381000709348,
        "14": 0.031497229253401635,
        "15": 0.03108026106115468,
        "16": 0.030813791610001674,
        "17": 0.028901619328101327,
        "18": 0.029781464287323377,
        "19": 0.03125702654237143,
        "20": 0.03054456481978563,
        "21": 0.030202206240605073,
        "22": 0.029873078037347955,
        "23": 0.02908111921630342,
        "24": 0.03182269686177909,
        "25": 0.03318292601920023,
        "26": 0.030262184798477153,
        "27": 0.029907167861248172,
        "28": 0.03024851083941641,
        "29": 0.029699577590342262,
        "30": 0.029328284589736867,
        "31": 0.02822947264211253,
        "32": 0.03136328607346732,
        "33": 0.030513262009836985
      },
      "blue": {
        "1": 0.0802098596696594,
        "2": 0.044191098232906234,
        "3": 0.05051135062192541,
        "4": 0.10036937638094545,
        "5": 0.05366988123873456,
        "6": 0.047878566941639195,
        "7": 0.04920504094048468,
        "8": 0.03984102007836215,
        "9": 0.039711235030324914,
        "10": 0.058798968872088186,
        "11": 0.10482866191147765,
        "12": 0.17089122151224806,
        "13": 0.043410388841283155,
        "14": 0.04047987702650487,
        "15": 0.03878157600028481,
        "16": 0.03722187670113118
      }
    }
  }
}