{
  "fused_reds": [
    3,
    5,
    8,
    14,
    23,
    26
  ],
  "fused_blue": 2,
  "fusion": {
    "weights": {
      "qimen": 0.257485,
      "ai": 0.249467,
      "liuren": 0.252418,
      "liuyao": 0.24063,
      "cultural_dl": 1.0,
      "heuristic_fusion": 1.0,
      "random_fallback": 1.0
    },
    "priors": {
      "red": {
        "1": 0.031263070190345105,
        "2": 0.029541467364455624,
        "3": 0.02964525721041734,
        "4": 0.03371857064043941,
        "5": 0.03138816455123839,
        "6": 0.028875944734445897,
        "7": 0.030244227784915517,
        "8": 0.027253587365176683,
        "9": 0.027769724554322296,
        "10": 0.029487442013354175,
        "11": 0.031708086473438646,
        "12": 0.032025641909874454,
        "13": 0.029683932864748772,
        "14": 0.0310964971866284,
        "15": 0.029974762688957438,
        "16": 0.030235186683645103,
        "17": 0.029747951787960733,
        "18": 0.030768219877250442,
        "19": 0.032390572377004594,
        "20": 0.030044466322078377,
        "21": 0.02908130210050935,
        "22": 0.0297144654883903,
        "23": 0.029782919555633343,
        "24": 0.030347581590397337,
        "25": 0.03255106549005385,
        "26": 0.030632276999976688,
        "27": 0.029610539564741516,
        "28": 0.031040291340740545,
        "29": 0.029494322314453782,
        "30": 0.029365134418620254,
        "31": 0.029177359435570507,
        "32": 0.030566435253682772,
        "33": 0.03177353186653233
      },
      "blue": {
        "1": 0.0707225736831787,
        "2": 0.039793679581845966,
        "3": 0.11108564502945022,
        "4": 0.0878676999660271,
        "5": 0.0646896657791313,
        "6": 0.038510307132325464,
        "7": 0.04230264696886073,
        "8": 0.043349906731561,
        "9": 0.06871001244916233,
        "10": 0.058314742915111156,
        "11": 0.05188714314716934,
        "12": 0.04208309120276455,
        "13": 0.06368868368757499,
        "14": 0.04617616920748851,
        "15": 0.03960164631134609,
        "16": 0.1312163862070025
      }
    }
  }
}