{
  "fused_reds": [
    6,
    8,
    15,
    18,
    27,
    31
  ],
  "fused_blue": 1,
  "fusion": {
    "weights": {
      "liuyao": 0.192,
      "liuren": 0.2,
      "qimen": 0.205,
      "ai": 1.0
    },
    "priors": {
      "red": {
        "1": 0.03088699391510895,
        "2": 0.03026146161002513,
        "3": 0.02998270740803606,
        "4": 0.03184858389185764,
        "5": 0.03100457354046261,
        "6": 0.029101271204505813,
        "7": 0.029787658982062072,
        "8": 0.02702979666235645,
        "9": 0.029015529903314657,
        "10": 0.029779850774207625,
        "11": 0.031926368356196194,
        "12": 0.031378643458970276,
        "13": 0.030019960348802357,
        "14": 0.03129868807423068,
        "15": 0.03016027950439292,
        "16": 0.031171551117515267,
        "17": 0.029097465678222315,
        "18": 0.02919512203561773,
        "19": 0.03204912523207444,
        "20": 0.02996084866245787,
        "21": 0.03154091493126776,
        "22": 0.03144895453111939,
        "23": 0.02882598906900829,
        "24": 0.030843277566480976,
        "25": 0.03293408409354871,
        "26": 0.02938278057271071,
        "27": 0.030715778716732187,
        "28": 0.029838805309906468,
        "29": 0.030829392035666536,
        "30": 0.028292875863399507,
        "31": 0.028636975399652476,
        "32": 0.030885177809549955,
        "33": 0.030868513740539928
      },
      "blue": {
        "1": 0.06421304658681014,
        "2": 0.06024981152348771,
        "3": 0.06366943293661971,
        "4": 0.06871335278140417,
        "5": 0.060839644876694216,
        "6": 0.06030509391114361,
        "7": 0.06070360748624788,
        "8": 0.059388579751856345,
        "9": 0.060764569844951585,
        "10": 0.06462275611433121,
        "11": 0.05963545366344049,
        "12": 0.06046932966834276,
        "13": 0.06437548602479262,
        "14": 0.06596708602162765,
        "15": 0.061704224850343076,
        "16": 0.06437852395790679
      }
    }
  }
}