{
  "fused_reds": [
    3,
    5,
    6,
    19,
    24,
    29
  ],
  "fused_blue": 4,
  "fusion": {
    "weights": {
      "liuyao": 0.192,
      "liuren": 0.2,
      "qimen": 0.205,
      "ai": 1.0,
      "cultural_dl": 1.0,
      "heuristic_fusion": 1.0,
      "random_fallback": 1.0
    },
    "priors": {
      "red": {
        "1": 0.030066052555186948,
        "2": 0.030422327255404273,
        "3": 0.029316346485761348,
        "4": 0.032884802026386946,
        "5": 0.031278148773456416,
        "6": 0.02988616117408691,
        "7": 0.02908604417328685,
        "8": 0.027573459154483077,
        "9": 0.028316353238771724,
        "10": 0.029781250581240946,
        "11": 0.03144063749095352,
        "12": 0.03136303093340927,
        "13": 0.029869907104011953,
        "14": 0.0316983122766047,
        "15": 0.03086652996669756,
        "16": 0.030662383423878767,
        "17": 0.028476866565844892,
        "18": 0.03060274906507692,
        "19": 0.030822640821256696,
        "20": 0.03036845366538174,
        "21": 0.030614761751112093,
        "22": 0.02986098036757725,
        "23": 0.028971722408560933,
        "24": 0.03126778711862181,
        "25": 0.032467433269426166,
        "26": 0.029481627095242297,
        "27": 0.03032752938688211,
        "28": 0.029390271520769666,
        "29": 0.031209443987556346,
        "30": 0.02966887070417732,
        "31": 0.029291561212470583,
        "32": 0.03126092589469878,
        "33": 0.03140462855172331
      },
      "blue": {
        "1": 0.07928536964139106,
        "2": 0.04458363256238381,
        "3": 0.049900700778815775,
        "4": 0.10154848272969702,
        "5": 0.055835850982626695,
        "6": 0.04938576825974202,
        "7": 0.050670017498972784,
        "8": 0.03931369341212213,
        "9": 0.04231228691917811,
        "10": 0.0571566443055536,
        "11": 0.10606559681626232,
        "12": 0.1699309106535692,
        "13": 0.04138592327864302,
        "14": 0.03983812305126772,
        "15": 0.036518909565260244,
        "16": 0.03626808954451448
      }
    }
  }
}