{
  "state": "exited",
  "exit_code": -9,
  "last_run_seconds": 35.37742495536804,
  "timestamp": 1762488441.1824563
}