{
  "persons": {
    "诸葛亮": {
      "last_expand_ts": 1760255272.4663079,
      "last_extract_ts": 1760255272.4663079
    }
  }
}